{
  "config": {
    "model": "lsc",
    "convnet": "lsc_backbone",
    "dropout": 0.0,
    "herding": null,
    "memory_size": 480,
    "dataset": "HSI_HC",
    "increment": 4,
    "workers": 0,
    "threads": 1,
    "validation": 0.0,
    "random_classes": false,
    "max_task": null,
    "onehot": false,
    "initial_increment": 4,
    "sampler": null,
    "data_path": "../dataset/",
    "label": "LSC_HC_4steps",
    "autolabel": false,
    "seed": 1,
    "seed_range": null,
    "options": [
      "options/LSC/lsc_HC.yaml",
      "options/data/hanchuan.yaml"
    ],
    "save_model": "task",
    "dump_predictions": false,
    "logging": "info",
    "no_benchmark": false,
    "detect_anomaly": false,
    "fixed_memory": false,
    "eval_type": "cnn",
    "eval_in_first_stage": true,
    "bn_for_attention": true,
    "batch_size": 256,
    "image_size": 27,
    "channels": 8,
    "start_epoch": 0,
    "first_epochs": 200,
    "expand_epochs": 200,
    "compress_epochs": 200,
    "learning_rate": 0.001,
    "weight_decay": 0.005,
    "threshold": 100,
    "inherit_new_net": false,
    "weight_generation": {
      "type": "imprinted",
      "multi_class_diff": "kmeans"
    },
    "split_rate": 0.005,
    "classes_order": [
      [
        0,
        1,
        2,
        3,
        4,
        5,
        6,
        7,
        8,
        9,
        10,
        11,
        12,
        13,
        14,
        15
      ]
    ],
    "_logs": {}
  },
  "results": [
    {
      "task_id": 0,
      "accuracy": {
        "total": 0.9979326603397207,
        "avg": 0.9963572041882273,
        "kappa": 0.9966447724036634,
        "00-00": 0.9995506829618979,
        "01-01": 0.9983657243816254,
        "02-02": 0.9903282532239156,
        "03-03": 0.9971841561854703
      },
      "incremental_accuracy": 0.9979326603397207,
      "forgetting": 0.0,
      "cord": 0.99609375
    },
    {
      "task_id": 1,
      "accuracy": {
        "total": 0.9707442304092421,
        "avg": 0.9512765237020534,
        "kappa": 0.9615007558415579,
        "00-00": 0.9953271028037384,
        "01-01": 0.978577738515901,
        "02-02": 0.9733294255568582,
        "03-03": 0.9990613853951568,
        "04-04": 0.9673366834170855,
        "05-05": 0.7916204832631346,
        "06-06": 0.9693564862104188,
        "07-07": 0.9356028844541339
      },
      "incremental_accuracy": 0.9843384453744815,
      "forgetting": 0.009783291120313703,
      "cord": 0.951171875
    },
    {
      "task_id": 2,
      "accuracy": {
        "total": 0.9708371297285605,
        "avg": 0.9535358002436939,
        "kappa": 0.965629214031473,
        "00-00": 0.9981578001437814,
        "01-01": 0.9886925795053003,
        "02-02": 0.9758694802657288,
        "03-03": 0.9990613853951568,
        "04-04": 0.957286432160804,
        "05-05": 0.7470627355353581,
        "06-06": 0.9385427306775621,
        "07-07": 0.9226340209067024,
        "08-08": 0.9407769051156867,
        "09-09": 0.9938837920489296,
        "10-10": 0.9826469364711475,
        "11-11": 0.9978148046981699
      },
      "incremental_accuracy": 0.9798380068258412,
      "forgetting": 0.015489427339621803,
      "cord": 0.95361328125
    },
    {
      "task_id": 3,
      "accuracy": {
        "total": 0.9643630659002307,
        "avg": 0.9028133928183923,
        "kappa": 0.9582352904978121,
        "00-00": 0.993327641984184,
        "01-01": 0.9813162544169611,
        "02-02": 0.9727432590855803,
        "03-03": 0.9971841561854703,
        "04-04": 0.8726968174204355,
        "05-05": 0.7022833074706274,
        "06-06": 0.9232209737827716,
        "07-07": 0.9144166806417351,
        "08-08": 0.8255147527064317,
        "09-09": 0.9887232415902141,
        "10-10": 0.9869257740536044,
        "11-11": 0.9054903031958481,
        "12-12": 0.8627494212324992,
        "13-13": 0.9715183019276586,
        "14-14": 0.5473032714412025,
        "15-15": 0.9996001279590531
      },
      "incremental_accuracy": 0.9759692715944386,
      "forgetting": 0.04187515492561988,
      "cord": 0.90283203125
    }
  ]
}